{
  "id": "1802340",
  "name": "star",
  "font_family": "iconfont",
  "css_prefix_text": "icon-",
  "description": "",
  "glyphs": [
    {
      "icon_id": "12276760",
      "name": "店铺",
      "font_class": "dianpu-copy-copy-copy-copy-copy",
      "unicode": "e60b",
      "unicode_decimal": 58891
    },
    {
      "icon_id": "12354748",
      "name": "服务评价-客服",
      "font_class": "kefu1",
      "unicode": "e60d",
      "unicode_decimal": 58893
    },
    {
      "icon_id": "17542655",
      "name": "实心星星",
      "font_class": "start2-red2",
      "unicode": "e60e",
      "unicode_decimal": 58894
    },
    {
      "icon_id": "17601080",
      "name": "乐器7",
      "font_class": "leqi7",
      "unicode": "e66e",
      "unicode_decimal": 58990
    },
    {
      "icon_id": "3877697",
      "name": "客服",
      "font_class": "kefu",
      "unicode": "e609",
      "unicode_decimal": 58889
    },
    {
      "icon_id": "10886908",
      "name": "五角星 星型 ",
      "font_class": "xingxing1",
      "unicode": "e60a",
      "unicode_decimal": 58890
    },
    {
      "icon_id": "11436103",
      "name": "店铺",
      "font_class": "dianpu",
      "unicode": "e652",
      "unicode_decimal": 58962
    },
    {
      "icon_id": "1367003",
      "name": "三个点",
      "font_class": "sangedian",
      "unicode": "e63a",
      "unicode_decimal": 58938
    },
    {
      "icon_id": "1872547",
      "name": "联系人",
      "font_class": "lianxiren",
      "unicode": "e61e",
      "unicode_decimal": 58910
    },
    {
      "icon_id": "4690746",
      "name": "list",
      "font_class": "list",
      "unicode": "e60c",
      "unicode_decimal": 58892
    },
    {
      "icon_id": "6696721",
      "name": "购物车",
      "font_class": "chat-gray",
      "unicode": "e606",
      "unicode_decimal": 58886
    },
    {
      "icon_id": "10309851",
      "name": "List, menu, options",
      "font_class": "Listmenuoptions",
      "unicode": "e8d1",
      "unicode_decimal": 59601
    },
    {
      "icon_id": "11104172",
      "name": "联系人",
      "font_class": "lianxiren1",
      "unicode": "e61d",
      "unicode_decimal": 58909
    },
    {
      "icon_id": "11296591",
      "name": "home",
      "font_class": "xuanzhongshangcheng1",
      "unicode": "e607",
      "unicode_decimal": 58887
    },
    {
      "icon_id": "12213471",
      "name": "home",
      "font_class": "icon_home",
      "unicode": "e608",
      "unicode_decimal": 58888
    },
    {
      "icon_id": "8736235",
      "name": "我 的",
      "font_class": "wodedangxuan",
      "unicode": "e600",
      "unicode_decimal": 58880
    },
    {
      "icon_id": "13864081",
      "name": "home",
      "font_class": "xuanzhongshangcheng",
      "unicode": "e601",
      "unicode_decimal": 58881
    },
    {
      "icon_id": "15451450",
      "name": "购物车",
      "font_class": "gouwuche",
      "unicode": "e602",
      "unicode_decimal": 58882
    },
    {
      "icon_id": "15675733",
      "name": "我 的",
      "font_class": "wode",
      "unicode": "e603",
      "unicode_decimal": 58883
    },
    {
      "icon_id": "16397140",
      "name": "购物车",
      "font_class": "che-copy",
      "unicode": "e604",
      "unicode_decimal": 58884
    },
    {
      "icon_id": "17426679",
      "name": "home",
      "font_class": "shouye",
      "unicode": "e605",
      "unicode_decimal": 58885
    },
    {
      "icon_id": "8842904",
      "name": "星星",
      "font_class": "xingxing",
      "unicode": "e637",
      "unicode_decimal": 58935
    }
  ]
}
